id,nome,email,cpf,telefone,ano_nascimento,mes_nascimento,dia_nascimento
1, James Roberts, cynthia22@example.net, 3738219618, 5297492583, 1953, 7, 17
2, Laura Kim, martinezdaniel@example.com, 8616583295, 6226360123, 1998, 3, 30
3, Kim Simmons, kelly87@example.com, 1607068570, 6081194593, 1974, 7, 2
4, Abigail King, fergusonjeffrey@example.com, 7344114767, 2670385051, 1950, 4, 8
5, John Burns, jeremyalvarado@example.net, 6260033341, 1348879774, 2000, 10, 2
6, Samuel Lewis, smithdustin@example.org, 4963067152, 6399856280, 1934, 4, 8
7, Rebecca Wilson, davisfrank@example.net, 2827760892, 5954614830, 2000, 5, 14
8, Eric Nguyen, hamiltonhenry@example.com, 1085085259, 8666399211, 1977, 12, 6
9, Kayla Lane, randy51@example.org, 6033287967, 7978452793, 1960, 8, 10
10, Michael Barber, fcervantes@example.com, 7927272541, 2260617219, 1979, 12, 31
11, Lauren Mitchell, kylelawrence@example.org, 8864895702, 3782889870, 1938, 11, 28
12, Austin Mejia, rodriguezdavid@example.net, 3399511760, 8343062221, 1949, 6, 3
13, Amber Spencer, glenn91@example.org, 2190612825, 6632649204, 1988, 1, 23
14, Mason Gardner, rogersjose@example.net, 5134352642, 6401780920, 2003, 12, 21
15, Vanessa Everett, acevedosergio@example.org, 2991996546, 8298866667, 1990, 9, 26
16, Crystal Trujillo, tphillips@example.net, 8457231213, 1037207585, 1944, 4, 1
17, Victoria Russo, jamie52@example.org, 6008415311, 6166727385, 1989, 5, 5
18, Lisa Burke, vroberts@example.net, 2116819743, 6275238235, 1965, 5, 15
19, Leah Hoffman, jenniferjones@example.net, 7794008877, 6487954721, 1975, 9, 28
20, Linda Santiago, gallaghereileen@example.org, 3325829805, 4942300424, 2006, 1, 5
21, Tracy Pierce, liumelissa@example.org, 2328585787, 4506154283, 1991, 4, 24
22, John Johnson, robertsanchez@example.org, 5833303558, 8235182970, 1982, 4, 1
23, Amy Swanson, brian28@example.net, 6818208154, 1390198984, 1939, 3, 31
24, Joanna Johnson, morganvaughn@example.com, 1699394305, 1096382644, 1939, 3, 10
25, Justin Garrett, danny39@example.net, 4359870378, 2484600342, 1941, 4, 2
26, Tonya Montgomery, kevin95@example.net, 7739119745, 8157262675, 1943, 10, 19
27, Sherri Rich, xdelgado@example.net, 6431912966, 2621994597, 1934, 11, 15
28, Marisa Perry, griffinhenry@example.org, 3857425670, 8824207800, 1934, 10, 30
29, Robert Mack, kcastro@example.com, 5872550065, 2963356558, 2003, 12, 19
30, James Duran, edwardhuff@example.net, 6606474248, 3369115951, 1989, 4, 2
31, Theresa Clayton, hicksmichael@example.org, 5898339001, 2876288079, 1928, 11, 22
32, Mr. Henry Garcia Jr., julie24@example.net, 2921204086, 8515094549, 1973, 10, 31
33, Laurie Manning, denniswhite@example.com, 3856081851, 6104464519, 1977, 12, 17
34, Derek Lee, brandonchapman@example.net, 8050927233, 4072369137, 1947, 3, 4
35, Gregory Huynh, sarah21@example.com, 1060508341, 5524425783, 1980, 11, 19
36, Brad Cummings, ashley15@example.org, 6327730216, 7461318190, 1990, 9, 13
37, Joseph Andrews, mmiranda@example.org, 3626436857, 7006642406, 1957, 8, 20
38, Connie Schmidt, harriskathy@example.com, 7886272794, 4578572954, 1964, 5, 4
39, Christine Montoya, shaun93@example.net, 4552159190, 8190669998, 1997, 10, 6
40, Taylor Walker, martinjon@example.com, 1532997110, 8736480859, 1944, 6, 13
41, Todd Peters, jmendoza@example.net, 1004629859, 5725460778, 1975, 11, 13
42, Steven Sanders, erin48@example.org, 3250824435, 8822443564, 1964, 4, 3
43, Marissa Cook, ubridges@example.org, 4653662486, 5437206265, 1991, 5, 6
44, Janet Fowler, hcarter@example.com, 5736706857, 8241807914, 1991, 4, 19
45, Abigail Obrien, rscott@example.org, 3699599410, 1725637602, 1987, 2, 14
46, Christopher Lopez, betty00@example.com, 7770329522, 2376116613, 1967, 7, 22
47, Brandon Meadows, patrickhansen@example.org, 2626363400, 3385419181, 1978, 8, 10
48, Christopher Smith, emmamclaughlin@example.com, 6784868148, 5208476610, 1950, 10, 5
49, Deborah Poole, xlopez@example.com, 3494635144, 8211693785, 1946, 12, 1
50, Vanessa Goodwin, wzimmerman@example.net, 1398615893, 2842116988, 1960, 12, 15
51, Crystal Moore, jgriffin@example.com, 8243076517, 1765378090, 1976, 12, 20
52, Bryan Richardson, jacob92@example.org, 3051392731, 6961015485, 1964, 6, 12
53, Brenda Abbott, daniel16@example.net, 2322270089, 7842710532, 1966, 4, 19
54, Donald Miller, svaughn@example.com, 3734841650, 8530321162, 1967, 12, 3
55, Rebecca Simon, nicole36@example.com, 2602218870, 2436890741, 1960, 6, 19
56, Heather Skinner, jennabauer@example.org, 7229343733, 1397110376, 1989, 8, 28
57, Sean Martinez, smithmonique@example.net, 4623785472, 8896665436, 1965, 9, 23
58, Dorothy Douglas, conniephelps@example.net, 6392886176, 8102822856, 1931, 6, 12
59, Connor Bowers, jared97@example.org, 5330584065, 7465698130, 1926, 3, 26
60, Marie King, vangapril@example.net, 7258345506, 3114608425, 1965, 3, 4
61, Lori Wade, meltonroberto@example.com, 8761563062, 6981459349, 1998, 4, 11
62, Gabriel Wiggins, frhodes@example.net, 8073516087, 1468417397, 1999, 11, 17
63, Michael Bates, jean98@example.org, 4416428568, 6619008511, 1948, 6, 22
64, Kelly Williams, jennifer17@example.com, 4852248659, 2817476967, 1998, 10, 25
65, Kelly Gordon, lrosales@example.net, 2086600597, 3887649898, 1964, 11, 14
66, Victoria Jones, larsenwanda@example.org, 2642024722, 7368575963, 1947, 9, 13
67, Franklin Garza, toddmcdaniel@example.net, 8840007689, 7978266223, 1977, 9, 10
68, Patricia Mitchell, connerjose@example.net, 8124320655, 8077602784, 1952, 11, 16
69, Bobby Miller, qpark@example.org, 8564202702, 5259372710, 1966, 9, 7
70, Bruce Frederick, fbryan@example.net, 2255887443, 6351766504, 1996, 3, 3
71, Tony Brady, staceywest@example.net, 8801629159, 6611179550, 1965, 3, 2
72, Holly Patterson, ygiles@example.com, 5348604573, 8099462057, 1943, 4, 18
73, Elizabeth Rivas, jeannecook@example.com, 5509419386, 7274618592, 1960, 6, 24
74, Kenneth Little, lewissheri@example.com, 1218600992, 5793361952, 1959, 1, 24
75, Calvin Davis, catherinewilson@example.net, 7175005162, 4049222959, 1957, 12, 15
76, Maria Griffin, kimberlylyons@example.org, 4923994597, 6053787453, 1962, 6, 18
77, Gary Mckinney, abigail99@example.net, 1761087233, 3363630720, 2002, 1, 21
78, Laura Parker DDS, mray@example.net, 5283685905, 6117453952, 2004, 8, 9
79, David Murillo, kgomez@example.com, 4720005436, 2253162216, 1981, 3, 24
80, Steven Green, clarkadam@example.com, 6534870591, 7108556904, 1973, 10, 14
81, Michael Ramirez, bradley85@example.org, 8041762426, 1408509191, 1996, 12, 14
82, Victor Moore, keygary@example.com, 5513569052, 8997605180, 1975, 9, 17
83, John Jones, smithdaniel@example.org, 1289785446, 1533545740, 1967, 2, 9
84, Kimberly Parker, cindy80@example.net, 3500827149, 5141117677, 2004, 3, 7
85, April Hobbs, ashley26@example.net, 1616314556, 7729860523, 1948, 9, 24
86, Dr. Gregory Anderson III, eric95@example.net, 7161377813, 1738620116, 1947, 5, 10
87, Fernando Maynard, jeremy04@example.net, 6215885015, 5521440687, 1947, 6, 24
88, Steven Tyler, spencergeorge@example.net, 1369385061, 4313310985, 1943, 10, 20
89, Brent Wagner, davidlarsen@example.net, 7785101007, 6649625610, 1926, 1, 20
90, Christopher Brown, fedwards@example.com, 6202509422, 7548493042, 1949, 8, 6
91, David Olsen, upark@example.com, 4934712323, 3556782235, 2005, 10, 26
92, Jesse Parker, jamiepeterson@example.org, 2888427880, 5821741026, 1968, 11, 12
93, Cheryl Wong, dawn11@example.org, 4004179208, 3559015539, 1971, 4, 21
94, Vickie Greer, nicholsonandrew@example.net, 8226469177, 8263135779, 1936, 12, 12
95, Lauren Simmons, drewfrank@example.org, 7979177914, 3316853891, 1938, 12, 3
96, Latasha Newman, berrylucas@example.com, 1218069466, 2015043811, 1983, 5, 29
97, Kayla Mccoy, patrickthomas@example.org, 7312462122, 2366363063, 1953, 8, 28
98, Jennifer Wong, zachary97@example.com, 7472673134, 3472374163, 2001, 8, 13
99, Mr. Garrett Wells, melanie49@example.net, 5933452882, 1639129744, 1936, 11, 12
100, Adam Bell, maureenmoreno@example.net, 7488352540, 4038508388, 1960, 4, 30
101, Kevin Mccarty, chelsea00@example.net, 7925445543, 1639282049, 1934, 1, 29
102, Christopher Soto, cpreston@example.com, 1585900272, 1588716490, 1947, 3, 2
103, Jessica Ochoa, uwalsh@example.com, 1779650397, 8384775368, 2002, 3, 22
104, Shannon Hansen, castillonicholas@example.net, 7597601686, 7984502713, 1975, 7, 21
105, David Norman, stephaniepowers@example.net, 5468207272, 8890136373, 1996, 3, 23
106, Anna Avery, pchavez@example.org, 3778934743, 5411785614, 2000, 10, 7
107, Shannon Estes, lisabradley@example.org, 4525222534, 3978536531, 1949, 4, 22
108, Frances Cook, paulamarquez@example.org, 2008464795, 3238728392, 1970, 4, 22
109, Michael Johnson DVM, larry58@example.org, 3214844424, 6876345740, 1972, 7, 7
110, Sara Ellis, jasonscott@example.net, 5466757337, 5215595502, 1949, 3, 21
111, James Howard, marymitchell@example.org, 2939153104, 5505323397, 1958, 6, 21
112, Ashley Riley, vanessahayes@example.org, 7542664298, 8432849327, 1971, 3, 25
113, Jennifer Jackson, mcdanieltrevor@example.org, 1107442332, 5201672667, 1977, 12, 21
114, Anthony Sharp, sarahdavis@example.com, 6059438450, 6013568838, 1943, 2, 28
115, Tom Armstrong, johnsonricardo@example.org, 8584982570, 4243238073, 1938, 7, 18
116, Carl Bell, kennethjohnson@example.net, 7487993314, 2984567808, 1925, 1, 19
117, Kimberly Ramirez, courtneymartinez@example.com, 5463871383, 4066851062, 1927, 5, 7
118, Diane Martinez, dobrien@example.com, 4449590938, 2699153337, 1999, 12, 13
119, Jennifer Spencer, christopherjohnson@example.org, 3588783399, 6643722035, 1978, 2, 18
120, Craig Smith, bruce94@example.org, 8348328542, 1834505357, 1988, 9, 4
121, Norman Valdez, tromero@example.com, 8707694660, 4646292533, 1942, 8, 29
122, Karen Garcia, ylopez@example.com, 1135746542, 2677973106, 2003, 3, 11
123, Amy Bowman, stephanie86@example.org, 2891814647, 8061696398, 1986, 6, 9
124, David Lopez, aperez@example.org, 7046609246, 8626144671, 1980, 3, 23
125, Kathryn Hughes DVM, brandy71@example.net, 1600591489, 6865134236, 1981, 7, 9
126, Jacob Howard, wrighttraci@example.com, 2901388584, 4165626390, 1994, 4, 1
127, Gina Owens, melvinsuarez@example.org, 3919450334, 1829563538, 1935, 10, 10
128, Scott Phelps, bakerderek@example.net, 1452380496, 7039033524, 1987, 2, 3
129, Scott Mcdonald, robert14@example.net, 3252993556, 7973429751, 1940, 11, 23
130, Edwin Figueroa, stevensnicole@example.com, 6268482565, 6053039614, 1947, 3, 19
131, John Lopez, heidilopez@example.org, 6366360837, 3164491548, 2001, 4, 19
132, Leah Phillips, brownlaura@example.org, 6388036189, 6189068396, 1977, 4, 7
133, Thomas Taylor, phooper@example.org, 5648396460, 2585167031, 1959, 8, 9
134, Brian Chapman, fpennington@example.com, 3381811240, 3106062763, 1994, 3, 7
135, Emily Buchanan, martinezadam@example.org, 5816141521, 6538486394, 1928, 3, 14
136, Corey Smith, nhernandez@example.com, 8031455007, 3719422108, 1957, 6, 21
137, Charles Clark, herrerakathleen@example.net, 2519111140, 4567972590, 1950, 7, 30
138, Daniel Ramirez, adrian37@example.org, 7032867980, 7773473611, 1936, 12, 11
139, Jacqueline Fisher, michaelcarter@example.com, 2174115881, 8623303132, 1968, 6, 7
140, Leah Harris, jennifer29@example.org, 8817265904, 8452053104, 1955, 12, 11
141, Casey Love, qtorres@example.org, 4212971556, 5639670255, 1944, 5, 2
142, Cassandra Jackson, sdennis@example.com, 8698445663, 8745979095, 1966, 12, 16
143, Michael Fields, hyoung@example.org, 3946613716, 3176292473, 1936, 4, 13
144, Jessica Holmes, michaelcervantes@example.net, 1364591651, 7965569614, 1995, 6, 13
145, Jessica Russo, william02@example.org, 5416436377, 1132979654, 1974, 2, 6
146, Joshua Rodriguez, benjaminlewis@example.org, 1173381831, 5399989134, 1944, 7, 6
147, Tina Harris, cmckay@example.com, 7577782787, 2551054294, 1981, 5, 7
148, Lindsey Trujillo, ashleygonzales@example.org, 3703185190, 5209057216, 1955, 9, 30
149, Helen Middleton, jgarza@example.org, 6329572698, 7084361355, 1955, 4, 11
150, Joseph Davis, qpearson@example.org, 7040508325, 2806034874, 1973, 12, 28
151, Paula Smith, rachelsanchez@example.net, 2189028554, 4993422175, 1988, 2, 11
152, Erica Ross, susankelley@example.com, 1951933102, 7815046345, 2005, 7, 28
153, Jason Barker, michaelbarron@example.org, 1680064921, 6298357932, 1956, 1, 18
154, Casey West, baileyarias@example.org, 5231272648, 6448881052, 2006, 4, 15
155, Joseph Farmer, wmccoy@example.com, 4621815987, 3063029482, 1963, 10, 15
156, Bruce Pearson, vjones@example.com, 1157170533, 6760143849, 1936, 6, 22
157, Dr. Michelle Brown, heidismith@example.com, 8302270215, 4443785205, 1924, 6, 28
158, Marie Park, ginawatson@example.net, 5270945278, 8898835896, 1949, 10, 18
159, Paul Roberson, natalie68@example.net, 5187618285, 4520965656, 1995, 2, 6
160, Christina Moore, sroberts@example.com, 7793507607, 5147473751, 1941, 12, 20
161, Richard Harper, mahoneypatty@example.net, 4075317709, 2591707589, 1998, 8, 6
162, Patricia Park, scottortega@example.com, 2336482583, 6676817060, 1984, 12, 15
163, Robert Poole, mcclainkevin@example.com, 6776573911, 4588588716, 1969, 4, 26
164, Michael Barnes, cole69@example.org, 1039233147, 5723865033, 1981, 2, 4
165, Jessica Miller, mbowman@example.net, 8880758734, 5050734157, 1948, 5, 5
166, Cheryl Silva, nelsonjorge@example.net, 7415864506, 3313214235, 1992, 3, 10
167, Sean Jennings, fuentesrebecca@example.net, 8689049410, 2897703536, 2004, 1, 20
168, Teresa Edwards, richard46@example.org, 5375903651, 1689961562, 1979, 7, 5
169, Cheyenne Wilson, cterry@example.com, 1907711693, 5371521041, 1983, 10, 27
170, Thomas Snow, brett41@example.org, 5546014865, 7184181045, 1965, 7, 15
171, Derek Ramos, williamsjasmine@example.com, 6846009041, 5137795103, 1973, 6, 11
172, Thomas Middleton, nmartinez@example.org, 1536550265, 6063993436, 1968, 5, 2
173, Alan Washington, jeffrey11@example.net, 5927030140, 2806963816, 1950, 4, 24
174, Michelle Carter, johnsonjames@example.net, 2496998861, 8160262112, 1956, 8, 18
175, Lindsey Davis, williamrichardson@example.org, 7040260779, 8806805144, 1985, 2, 25
176, Janet Clayton, davidchristian@example.net, 1541779852, 7109335681, 1957, 10, 10
177, Kimberly Bates, nunderwood@example.net, 8174075810, 4746030072, 1923, 6, 10
178, Julie Ramos, breanna60@example.net, 3245076790, 3596323748, 1976, 1, 1
179, Ashley Mcdonald, wturner@example.org, 8495242203, 1455468174, 2001, 5, 18
180, Tanner Pena, peterparks@example.net, 1038730056, 7258392096, 1936, 3, 21
181, Adam Keith, andreahernandez@example.net, 7809103833, 4904347163, 1957, 10, 24
182, Stephanie Shepherd, bestcourtney@example.com, 1911691183, 3904741525, 2004, 9, 7
183, Diana Bowman, jeffrey00@example.com, 3584077307, 2048519057, 1999, 4, 27
184, Karina Peterson, maria55@example.org, 3219201900, 4591444848, 1937, 5, 26
185, Louis Reid, hallsarah@example.org, 6156554611, 1791986377, 2000, 9, 4
186, Tricia Hansen, fernando01@example.com, 6771715348, 6745716754, 1957, 9, 19
187, Kimberly Winters, thomaslauren@example.com, 3756213090, 2251555099, 1998, 1, 5
188, John Hoffman, matthew33@example.com, 3581412553, 3710060443, 1977, 9, 14
189, Jerry Miller, hannahfernandez@example.net, 7540382649, 6421818000, 1997, 6, 3
190, Joel Fischer, lancecosta@example.net, 3027722067, 3231398233, 1990, 4, 10
191, Edward Adams, dana29@example.org, 5958940452, 8586566486, 1981, 11, 2
192, Nicole Anderson, smithtiffany@example.net, 7555559796, 3276783631, 1925, 8, 24
193, Katherine Long, smithashley@example.org, 3515602081, 3363689631, 1989, 1, 14
194, Matthew Heath, katrinawheeler@example.org, 3890419755, 8863959143, 1981, 11, 9
195, Carolyn Wyatt, kellyjohn@example.com, 7359045914, 1577347999, 1969, 9, 5
196, Willie Snyder, thomascabrera@example.com, 6147073281, 6091916794, 1940, 7, 22
197, Richard Pace, carolyngonzalez@example.net, 5591496674, 2160997849, 1958, 9, 14
198, Alexandria Robertson, benjamin86@example.org, 2737064181, 5060997268, 1946, 6, 1
199, Katherine Scott, william48@example.org, 5514010633, 6996255083, 1928, 10, 2
200, Andrea Cooley, uyoung@example.com, 2784433971, 2468691504, 1950, 5, 30
201, Jade Jones, belljeffery@example.net, 1140437235, 2500446471, 1942, 1, 31
202, Daniel Clark, ifoster@example.org, 7445637323, 3171550727, 1953, 9, 18
203, Michael Woods, michelle11@example.net, 3564055442, 8332138860, 1931, 1, 26
204, Daniel Jackson, newtonamy@example.net, 7480189526, 7169844492, 1975, 4, 1
205, Bridget Taylor, tcampos@example.org, 2337357456, 7911637638, 1973, 1, 22
206, Samuel Le, fjackson@example.net, 4393548897, 5202526098, 1947, 6, 26
207, Glenn Molina, catherinemartinez@example.com, 3105785120, 7956813987, 1935, 7, 26
208, Gregory Crosby, zamoramichael@example.com, 3254515899, 7173065050, 1930, 9, 27
209, Kelsey Stafford, weavermargaret@example.net, 8590218315, 5678958288, 2000, 5, 9
210, Wanda Madden, adkinsangela@example.net, 4993348546, 7428339660, 1936, 12, 15
211, Shannon Nelson, potterbrian@example.net, 4683738242, 2617619022, 1987, 10, 23
212, Julia Robinson, randycrawford@example.net, 5562148168, 8560207409, 1976, 5, 19
213, Cynthia Brock, carterjulie@example.com, 2491607858, 6885925819, 1979, 12, 18
214, Martin Martinez, leedonna@example.net, 7911508129, 7391923940, 1994, 7, 18
215, James Lewis, martintodd@example.net, 2939789486, 4604971273, 1969, 2, 22
216, Taylor Bell, yperez@example.org, 2381930949, 8571965506, 1949, 1, 8
217, Eric Bruce, david66@example.com, 2488605954, 7045610576, 1971, 4, 27
218, Bradley Jackson, jamie62@example.org, 3430798795, 6111582498, 1944, 5, 10
219, Rachael Walton, jjones@example.com, 2317472782, 2143528242, 1936, 12, 11
220, Victoria Hines, yhopkins@example.net, 3955346175, 8855115722, 1932, 9, 4
